-- Create Tables
CREATE TABLE Customers (
    customer_id VARCHAR(10) PRIMARY KEY,
    customer_name VARCHAR(100) NOT NULL,
    customer_email VARCHAR(100) NOT NULL,
    customer_city VARCHAR(50) NOT NULL
);

CREATE TABLE Products (
    product_id VARCHAR(10) PRIMARY KEY,
    product_name VARCHAR(100) NOT NULL,
    category VARCHAR(50) NOT NULL,
    unit_price DECIMAL(10,2) NOT NULL
);

CREATE TABLE Sales_Reps (
    sales_rep_id VARCHAR(10) PRIMARY KEY,
    sales_rep_name VARCHAR(100) NOT NULL,
    sales_rep_email VARCHAR(100) NOT NULL,
    office_address TEXT NOT NULL
);

CREATE TABLE Orders (
    order_id VARCHAR(10) PRIMARY KEY,
    customer_id VARCHAR(10),
    sales_rep_id VARCHAR(10),
    order_date DATE NOT NULL,
    FOREIGN KEY (customer_id) REFERENCES Customers(customer_id),
    FOREIGN KEY (sales_rep_id) REFERENCES Sales_Reps(sales_rep_id)
);

CREATE TABLE Order_Items (
    order_item_id INTEGER PRIMARY KEY AUTOINCREMENT,
    order_id VARCHAR(10),
    product_id VARCHAR(10),
    quantity INTEGER NOT NULL,
    price_at_sale DECIMAL(10,2) NOT NULL,
    FOREIGN KEY (order_id) REFERENCES Orders(order_id),
    FOREIGN KEY (product_id) REFERENCES Products(product_id)
);

-- Populate Tables (5 rows each)

INSERT INTO Customers (customer_id, customer_name, customer_email, customer_city) VALUES
('C001', 'Rohan Mehta', 'rohan@gmail.com', 'Mumbai'),
('C002', 'Priya Sharma', 'priya@gmail.com', 'Delhi'),
('C003', 'Amit Verma', 'amit@gmail.com', 'Bangalore'),
('C005', 'Vikram Singh', 'vikram@gmail.com', 'Mumbai'),
('C006', 'Neha Gupta', 'neha@gmail.com', 'Delhi');

INSERT INTO Products (product_id, product_name, category, unit_price) VALUES
('P001', 'Laptop', 'Electronics', 55000),
('P003', 'Desk Chair', 'Furniture', 8500),
('P004', 'Notebook', 'Stationery', 120),
('P005', 'Headphones', 'Electronics', 3200),
('P007', 'Pen Set', 'Stationery', 250);

INSERT INTO Sales_Reps (sales_rep_id, sales_rep_name, sales_rep_email, office_address) VALUES
('SR01', 'Deepak Joshi', 'deepak@corp.com', 'Mumbai HQ, Nariman Point, Mumbai - 400021'),
('SR02', 'Anita Desai', 'anita@corp.com', 'Delhi Office, Connaught Place, New Delhi - 110001'),
('SR03', 'Ravi Kumar', 'ravi@corp.com', 'South Zone, MG Road, Bangalore - 560001'),
('SR04', 'Suresh Raina', 'suresh@corp.com', 'Chennai Branch, T. Nagar, Chennai - 600017'),
('SR05', 'Megha Shah', 'megha@corp.com', 'Pune Hub, Hinjewadi, Pune - 411057');

INSERT INTO Orders (order_id, customer_id, sales_rep_id, order_date) VALUES
('ORD1027', 'C002', 'SR02', '2023-11-02'),
('ORD1114', 'C001', 'SR01', '2023-08-06'),
('ORD1153', 'C006', 'SR01', '2023-02-14'),
('ORD1002', 'C002', 'SR02', '2023-01-17'),
('ORD1075', 'C005', 'SR03', '2023-04-18');

INSERT INTO Order_Items (order_id, product_id, quantity, price_at_sale) VALUES
('ORD1027', 'P004', 4, 120),
('ORD1114', 'P007', 2, 250),
('ORD1153', 'P007', 3, 250),
('ORD1002', 'P005', 1, 3200),
('ORD1075', 'P003', 3, 8500);